{"lr": 0.00997794446709763, "data_time": 0.022975969314575195, "loss": 0.11823002542369068, "decode.loss_ce": 0.08576631108298897, "decode.acc_seg": 98.7212142944336, "aux.loss_ce": 0.03246371471323073, "aux.acc_seg": 98.7212142944336, "time": 0.15330617427825927, "step": 100}
{"lr": 0.009955660594668054, "data_time": 0.01429140567779541, "loss": 0.047748297825455664, "decode.loss_ce": 0.03337326594628394, "decode.acc_seg": 99.96829986572266, "aux.loss_ce": 0.014375032810494303, "aux.acc_seg": 99.96829986572266, "time": 0.14564998149871827, "step": 200}
{"lr": 0.009933371122565919, "data_time": 0.011004424095153809, "loss": 0.052685955632478, "decode.loss_ce": 0.03671487695537508, "decode.acc_seg": 98.54338836669922, "aux.loss_ce": 0.015971079119481146, "aux.acc_seg": 99.83856964111328, "time": 0.1427847385406494, "step": 300}
{"lr": 0.009911076035273796, "data_time": 0.005374431610107422, "loss": 0.042225132882595065, "decode.loss_ce": 0.029025880340486764, "decode.acc_seg": 94.1195068359375, "aux.loss_ce": 0.01319925175048411, "aux.acc_seg": 91.71807861328125, "time": 0.13674526214599608, "step": 400}
{"aAcc": 98.86, "mIoU": 70.35, "mAcc": 71.47, "step": 400}
{"lr": 0.0098887753171919, "data_time": 0.005230593681335449, "loss": 0.030862564221024513, "decode.loss_ce": 0.020432877098210157, "decode.acc_seg": 100.0, "aux.loss_ce": 0.0104296870296821, "aux.acc_seg": 99.94051361083984, "time": 0.13609030246734619, "step": 500}
{"lr": 0.009866468952637547, "data_time": 0.005174446105957031, "loss": 0.01935408916324377, "decode.loss_ce": 0.011989538185298442, "decode.acc_seg": 100.0, "aux.loss_ce": 0.007364550814963877, "aux.acc_seg": 100.0, "time": 0.13628854751586914, "step": 600}
{"lr": 0.009844156925844432, "data_time": 0.004842615127563477, "loss": 0.024641928914934396, "decode.loss_ce": 0.015946819772943856, "decode.acc_seg": 99.43949890136719, "aux.loss_ce": 0.008695109002292156, "aux.acc_seg": 97.15083312988281, "time": 0.13598887920379638, "step": 700}
{"lr": 0.009821839220962003, "data_time": 0.004889988899230957, "loss": 0.02778000934049487, "decode.loss_ce": 0.018603057088330387, "decode.acc_seg": 99.9509048461914, "aux.loss_ce": 0.009176951972767711, "aux.acc_seg": 99.9739990234375, "time": 0.136307692527771, "step": 800}
{"aAcc": 99.23, "mIoU": 81.56, "mAcc": 85.54, "step": 800}
{"lr": 0.009799515822054777, "data_time": 0.005374526977539063, "loss": 0.03667019221466035, "decode.loss_ce": 0.025020392425358296, "decode.acc_seg": 98.35077667236328, "aux.loss_ce": 0.011649799440056086, "aux.acc_seg": 99.09660339355469, "time": 0.13622798919677734, "step": 900}
{"lr": 0.00977718671310168, "data_time": 0.005337953567504883, "loss": 0.023136044642888008, "decode.loss_ce": 0.015854653134010733, "decode.acc_seg": 97.58949279785156, "aux.loss_ce": 0.007281391357537359, "aux.acc_seg": 97.1575698852539, "time": 0.13654322624206544, "step": 1000}
{"lr": 0.009754851877995354, "data_time": 0.005466294288635254, "loss": 0.013280300283804536, "decode.loss_ce": 0.008073577377945184, "decode.acc_seg": 99.81122589111328, "aux.loss_ce": 0.005206722894217819, "aux.acc_seg": 99.39791107177734, "time": 0.13671562671661378, "step": 1100}
{"lr": 0.009732511300541468, "data_time": 0.005004334449768067, "loss": 0.03337956122122705, "decode.loss_ce": 0.022912162891589104, "decode.acc_seg": 99.9675064086914, "aux.loss_ce": 0.010467397881438956, "aux.acc_seg": 99.77995300292969, "time": 0.1362934112548828, "step": 1200}
{"aAcc": 98.56, "mIoU": 76.44, "mAcc": 94.55, "step": 1200}
{"lr": 0.009710164964458045, "data_time": 0.005020046234130859, "loss": 0.01887881273869425, "decode.loss_ce": 0.010486580472206696, "decode.acc_seg": 99.85441589355469, "aux.loss_ce": 0.00839223264483735, "aux.acc_seg": 99.88130950927734, "time": 0.1362616777420044, "step": 1300}
{"lr": 0.009687812853374727, "data_time": 0.004716157913208008, "loss": 0.017245615250431, "decode.loss_ce": 0.01182202217169106, "decode.acc_seg": 99.47433471679688, "aux.loss_ce": 0.00542359304963611, "aux.acc_seg": 99.06883239746094, "time": 0.1357877254486084, "step": 1400}
{"lr": 0.009665454950832103, "data_time": 0.004980301856994629, "loss": 0.03248812002129853, "decode.loss_ce": 0.021591156232170762, "decode.acc_seg": 98.39533996582031, "aux.loss_ce": 0.010896964068524539, "aux.acc_seg": 98.98931884765625, "time": 0.13610270023345947, "step": 1500}
{"lr": 0.009643091240280942, "data_time": 0.004879975318908691, "loss": 0.028951186477206646, "decode.loss_ce": 0.01999091850593686, "decode.acc_seg": 99.60839080810547, "aux.loss_ce": 0.008960267767542973, "aux.acc_seg": 99.82111358642578, "time": 0.1357438087463379, "step": 1600}
{"aAcc": 99.24, "mIoU": 83.62, "mAcc": 92.16, "step": 1600}
